uid,legislature,numero,date_scrutin,type_vote,sort,titre,objet
VTANR5L17V6176,17,6176,2026-04-13 00:00:00+00,"{""codeTypeVote"":""SPO"",""libelleTypeVote"":""scrutin public ordinaire"",""typeMajorite"":""Majorité absolue des suffrages exprimés""}","{""code"":""rejeté"",""libelle"":""L'Assemblée nationale n'a pas adopté""}","l'amendement n° 28 de M. Aurélien Taché après l'article 3 du projet de loi relatif à la restitution de biens culturels provenant d’États qui, du fait d’une appropriation illicite, en ont été privés (première lecture).","{""libelle"":""l'amendement n° 28 de M. Aurélien Taché après l'article 3 du projet de loi relatif à la restitution de biens culturels provenant d’États qui, du fait d’une appropriation illicite, en ont été privés (première lecture)."",""dossierLegislatif"":{""libelle"":""Projet de loi relatif à la restitution de biens culturels provenant d’États qui, du fait d’une appropriation illicite, en ont été privés"",""dossierRef"":""DLR5L17N52635""},""referenceLegislative"":null}"
VTANR5L17V6164,17,6164,2026-04-13 00:00:00+00,"{""codeTypeVote"":""SPO"",""libelleTypeVote"":""scrutin public ordinaire"",""typeMajorite"":""Majorité absolue des suffrages exprimés""}","{""code"":""rejeté"",""libelle"":""L'Assemblée nationale n'a pas adopté""}","l'amendement n° 13 de Mme Taillé-Polian à l'article premier du projet de loi relatif à la restitution de biens culturels provenant d’États qui, du fait d’une appropriation illicite, en ont été privés (première lecture).","{""libelle"":""l'amendement n° 13 de Mme Taillé-Polian à l'article premier du projet de loi relatif à la restitution de biens culturels provenant d’États qui, du fait d’une appropriation illicite, en ont été privés (première lecture)."",""dossierLegislatif"":{""libelle"":""Projet de loi relatif à la restitution de biens culturels provenant d’États qui, du fait d’une appropriation illicite, en ont été privés"",""dossierRef"":""DLR5L17N52635""},""referenceLegislative"":null}"
VTANR5L17V6161,17,6161,2026-04-13 00:00:00+00,"{""codeTypeVote"":""SPO"",""libelleTypeVote"":""scrutin public ordinaire"",""typeMajorite"":""Majorité absolue des suffrages exprimés""}","{""code"":""adopté"",""libelle"":""l'Assemblée nationale a adopté""}","l'amendement n° 15 de Mme Taillé-Polian à l'article premier du projet de loi relatif à la restitution de biens culturels provenant d’États qui, du fait d’une appropriation illicite, en ont été privés (première lecture).","{""libelle"":""l'amendement n° 15 de Mme Taillé-Polian à l'article premier du projet de loi relatif à la restitution de biens culturels provenant d’États qui, du fait d’une appropriation illicite, en ont été privés (première lecture)."",""dossierLegislatif"":{""libelle"":""Projet de loi relatif à la restitution de biens culturels provenant d’États qui, du fait d’une appropriation illicite, en ont été privés"",""dossierRef"":""DLR5L17N52635""},""referenceLegislative"":null}"
VTANR5L17V6153,17,6153,2026-04-13 00:00:00+00,"{""codeTypeVote"":""SPO"",""libelleTypeVote"":""scrutin public ordinaire"",""typeMajorite"":""Majorité absolue des suffrages exprimés""}","{""code"":""rejeté"",""libelle"":""L'Assemblée nationale n'a pas adopté""}","l'amendement n° 37 de M. Coquerel à l'article premier du projet de loi relatif à la restitution de biens culturels provenant d’États qui, du fait d’une appropriation illicite, en ont été privés (première lecture).","{""libelle"":""l'amendement n° 37 de M. Coquerel à l'article premier du projet de loi relatif à la restitution de biens culturels provenant d’États qui, du fait d’une appropriation illicite, en ont été privés (première lecture)."",""dossierLegislatif"":{""libelle"":""Projet de loi relatif à la restitution de biens culturels provenant d’États qui, du fait d’une appropriation illicite, en ont été privés"",""dossierRef"":""DLR5L17N52635""},""referenceLegislative"":null}"
VTANR5L17V6151,17,6151,2026-04-13 00:00:00+00,"{""codeTypeVote"":""SPO"",""libelleTypeVote"":""scrutin public ordinaire"",""typeMajorite"":""Majorité absolue des suffrages exprimés""}","{""code"":""rejeté"",""libelle"":""L'Assemblée nationale n'a pas adopté""}","l'amendement n° 3 de M. Arenas et l'amendement identique suivant à l'article premier du projet de loi relatif à la restitution de biens culturels provenant d’États qui, du fait d’une appropriation illicite, en ont été privés (première lecture).","{""libelle"":""l'amendement n° 3 de M. Arenas et l'amendement identique suivant à l'article premier du projet de loi relatif à la restitution de biens culturels provenant d’États qui, du fait d’une appropriation illicite, en ont été privés (première lecture)."",""dossierLegislatif"":{""libelle"":""Projet de loi relatif à la restitution de biens culturels provenant d’États qui, du fait d’une appropriation illicite, en ont été privés"",""dossierRef"":""DLR5L17N52635""},""referenceLegislative"":null}"
VTANR5L17V6146,17,6146,2026-04-13 00:00:00+00,"{""codeTypeVote"":""SPO"",""libelleTypeVote"":""scrutin public ordinaire"",""typeMajorite"":""Majorité absolue des suffrages exprimés""}","{""code"":""rejeté"",""libelle"":""L'Assemblée nationale n'a pas adopté""}","l'amendement n° 47 de Mme Sebaihi à l'article premier du projet de loi relatif à la restitution de biens culturels provenant d’États qui, du fait d’une appropriation illicite, en ont été privés (première lecture).","{""libelle"":""l'amendement n° 47 de Mme Sebaihi à l'article premier du projet de loi relatif à la restitution de biens culturels provenant d’États qui, du fait d’une appropriation illicite, en ont été privés (première lecture)."",""dossierLegislatif"":{""libelle"":""Projet de loi relatif à la restitution de biens culturels provenant d’États qui, du fait d’une appropriation illicite, en ont été privés"",""dossierRef"":""DLR5L17N52635""},""referenceLegislative"":null}"
VTANR5L17V6140,17,6140,2026-04-13 00:00:00+00,"{""codeTypeVote"":""SPO"",""libelleTypeVote"":""scrutin public ordinaire"",""typeMajorite"":""Majorité absolue des suffrages exprimés""}","{""code"":""rejeté"",""libelle"":""L'Assemblée nationale n'a pas adopté""}","l'amendement n° 1 de M. Aurélien Taché à l'article premier du projet de loi relatif à la restitution de biens culturels provenant d’États qui, du fait d’une appropriation illicite, en ont été privés (première lecture).","{""libelle"":""l'amendement n° 1 de M. Aurélien Taché à l'article premier du projet de loi relatif à la restitution de biens culturels provenant d’États qui, du fait d’une appropriation illicite, en ont été privés (première lecture)."",""dossierLegislatif"":{""libelle"":""Projet de loi relatif à la restitution de biens culturels provenant d’États qui, du fait d’une appropriation illicite, en ont été privés"",""dossierRef"":""DLR5L17N52635""},""referenceLegislative"":null}"
VTANR5L17V6137,17,6137,2026-04-13 00:00:00+00,"{""codeTypeVote"":""SPO"",""libelleTypeVote"":""scrutin public ordinaire"",""typeMajorite"":""Majorité absolue des suffrages exprimés""}","{""code"":""adopté"",""libelle"":""l'Assemblée nationale a adopté""}","l'amendement n° 39 de Mme Sebaihi et l'amendement identique suivant à l'article premier du projet de loi relatif à la restitution de biens culturels provenant d’États qui, du fait d’une appropriation illicite, en ont été privés (première lecture).","{""libelle"":""l'amendement n° 39 de Mme Sebaihi et l'amendement identique suivant à l'article premier du projet de loi relatif à la restitution de biens culturels provenant d’États qui, du fait d’une appropriation illicite, en ont été privés (première lecture)."",""dossierLegislatif"":{""libelle"":""Projet de loi relatif à la restitution de biens culturels provenant d’États qui, du fait d’une appropriation illicite, en ont été privés"",""dossierRef"":""DLR5L17N52635""},""referenceLegislative"":null}"
VTANR5L17V6135,17,6135,2026-04-10 00:00:00+00,"{""codeTypeVote"":""SPO"",""libelleTypeVote"":""scrutin public ordinaire"",""typeMajorite"":""Majorité absolue des suffrages exprimés""}","{""code"":""adopté"",""libelle"":""l'Assemblée nationale a adopté""}",l'ensemble de la proposition de loi visant à instaurer une procédure simplifiée de recouvrement des créances commerciales incontestées (première lecture).,"{""libelle"":""l'ensemble de la proposition de loi visant à instaurer une procédure simplifiée de recouvrement des créances commerciales incontestées (première lecture)."",""dossierLegislatif"":{""libelle"":""Proposition de loi visant à instaurer une procédure simplifiée de recouvrement des créances commerciales incontestées"",""dossierRef"":""DLR5L17N53315""},""referenceLegislative"":null}"
VTANR5L17V6133,17,6133,2026-04-10 00:00:00+00,"{""codeTypeVote"":""SPO"",""libelleTypeVote"":""scrutin public ordinaire"",""typeMajorite"":""Majorité absolue des suffrages exprimés""}","{""code"":""adopté"",""libelle"":""l'Assemblée nationale a adopté""}","la motion de rejet préalable, déposée par Mme Dubré-Chirat, de la proposition de loi visant à permettre aux salariés de certains établissements et services de travailler le 1er mai (première lecture).","{""libelle"":""la motion de rejet préalable, déposée par Mme Dubré-Chirat, de la proposition de loi visant à permettre aux salariés de certains établissements et services de travailler le 1er mai (première lecture)."",""dossierLegislatif"":{""libelle"":""Proposition de loi visant à permettre aux salariés de certains établissements et services de travailler le 1er mai"",""dossierRef"":""DLR5L17N51987""},""referenceLegislative"":null}"
VTANR5L17V6131,17,6131,2026-04-09 00:00:00+00,"{""codeTypeVote"":""SPO"",""libelleTypeVote"":""scrutin public ordinaire"",""typeMajorite"":""Majorité absolue des suffrages exprimés""}","{""code"":""adopté"",""libelle"":""l'Assemblée nationale a adopté""}",l'ensemble de la proposition de loi visant à simplifier la gestion de la commande publique par les acheteurs publics et les opérateurs économiques (première partie).,"{""libelle"":""l'ensemble de la proposition de loi visant à simplifier la gestion de la commande publique par les acheteurs publics et les opérateurs économiques (première partie)."",""dossierLegislatif"":{""libelle"":""Simplifier la gestion de la commande publique par les acheteurs publics et les opérateurs économiques"",""dossierRef"":""DLR5L17N53770""},""referenceLegislative"":null}"
VTANR5L17V6130,17,6130,2026-04-09 00:00:00+00,"{""codeTypeVote"":""SPO"",""libelleTypeVote"":""scrutin public ordinaire"",""typeMajorite"":""Majorité absolue des suffrages exprimés""}","{""code"":""rejeté"",""libelle"":""L'Assemblée nationale n'a pas adopté""}",l'amendement n° 2 de M. Salmon après l'article 3 de la proposition de loi visant à simplifier la gestion de la commande publique par les acheteurs publics et les opérateurs économiques (première lecture).,"{""libelle"":""l'amendement n° 2 de M. Salmon après l'article 3 de la proposition de loi visant à simplifier la gestion de la commande publique par les acheteurs publics et les opérateurs économiques (première lecture)."",""dossierLegislatif"":{""libelle"":""Simplifier la gestion de la commande publique par les acheteurs publics et les opérateurs économiques"",""dossierRef"":""DLR5L17N53770""},""referenceLegislative"":null}"
VTANR5L17V6128,17,6128,2026-04-09 00:00:00+00,"{""codeTypeVote"":""SPO"",""libelleTypeVote"":""scrutin public ordinaire"",""typeMajorite"":""Majorité absolue des suffrages exprimés""}","{""code"":""rejeté"",""libelle"":""L'Assemblée nationale n'a pas adopté""}",l'amendement n° 23 de Mme Catherine Hervieu après l'article premier de la proposition de loi visant à simplifier la gestion de la commande publique par les acheteurs publics et les opérateurs économiques (première partie).,"{""libelle"":""l'amendement n° 23 de Mme Catherine Hervieu après l'article premier de la proposition de loi visant à simplifier la gestion de la commande publique par les acheteurs publics et les opérateurs économiques (première partie)."",""dossierLegislatif"":{""libelle"":""Simplifier la gestion de la commande publique par les acheteurs publics et les opérateurs économiques"",""dossierRef"":""DLR5L17N53770""},""referenceLegislative"":null}"
VTANR5L17V6127,17,6127,2026-04-09 00:00:00+00,"{""codeTypeVote"":""SPO"",""libelleTypeVote"":""scrutin public ordinaire"",""typeMajorite"":""Majorité absolue des suffrages exprimés""}","{""code"":""rejeté"",""libelle"":""L'Assemblée nationale n'a pas adopté""}",l'amendement n° 22 de Mme Catherine Hervieu après l'article premier de la proposition de loi visant à simplifier la gestion de la commande publique par les acheteurs publics et les opérateurs économiques (première partie).,"{""libelle"":""l'amendement n° 22 de Mme Catherine Hervieu après l'article premier de la proposition de loi visant à simplifier la gestion de la commande publique par les acheteurs publics et les opérateurs économiques (première partie)."",""dossierLegislatif"":{""libelle"":""Simplifier la gestion de la commande publique par les acheteurs publics et les opérateurs économiques"",""dossierRef"":""DLR5L17N53770""},""referenceLegislative"":null}"
VTANR5L17V6124,17,6124,2026-04-09 00:00:00+00,"{""codeTypeVote"":""SPO"",""libelleTypeVote"":""scrutin public ordinaire"",""typeMajorite"":""Majorité absolue des suffrages exprimés""}","{""code"":""adopté"",""libelle"":""l'Assemblée nationale a adopté""}",l'ensemble de la proposition de loi visant à renforcer la pénalisation de l’organisation de rave-parties (première partie).,"{""libelle"":""l'ensemble de la proposition de loi visant à renforcer la pénalisation de l’organisation de rave-parties (première partie)."",""dossierLegislatif"":{""libelle"":""Renforcer la pénalisation de l’organisation de rave-parties"",""dossierRef"":""DLR5L17N51711""},""referenceLegislative"":null}"
VTANR5L17V6123,17,6123,2026-04-09 00:00:00+00,"{""codeTypeVote"":""SPO"",""libelleTypeVote"":""scrutin public ordinaire"",""typeMajorite"":""Majorité absolue des suffrages exprimés""}","{""code"":""rejeté"",""libelle"":""L'Assemblée nationale n'a pas adopté""}",l'amendement n° 58 de M. Raux à l'article 3 de la proposition de loi visant à renforcer la pénalisation de l’organisation de rave-parties (première lecture).,"{""libelle"":""l'amendement n° 58 de M. Raux à l'article 3 de la proposition de loi visant à renforcer la pénalisation de l’organisation de rave-parties (première lecture)."",""dossierLegislatif"":{""libelle"":""Renforcer la pénalisation de l’organisation de rave-parties"",""dossierRef"":""DLR5L17N51711""},""referenceLegislative"":null}"
VTANR5L17V6122,17,6122,2026-04-09 00:00:00+00,"{""codeTypeVote"":""SPO"",""libelleTypeVote"":""scrutin public ordinaire"",""typeMajorite"":""Majorité absolue des suffrages exprimés""}","{""code"":""adopté"",""libelle"":""l'Assemblée nationale a adopté""}",l'amendement n° 62 de M. Raux à l'article 3 de la proposition de loi visant à renforcer la pénalisation de l’organisation de rave-parties (première lecture).,"{""libelle"":""l'amendement n° 62 de M. Raux à l'article 3 de la proposition de loi visant à renforcer la pénalisation de l’organisation de rave-parties (première lecture)."",""dossierLegislatif"":{""libelle"":""Renforcer la pénalisation de l’organisation de rave-parties"",""dossierRef"":""DLR5L17N51711""},""referenceLegislative"":null}"
VTANR5L17V6121,17,6121,2026-04-09 00:00:00+00,"{""codeTypeVote"":""SPO"",""libelleTypeVote"":""scrutin public ordinaire"",""typeMajorite"":""Majorité absolue des suffrages exprimés""}","{""code"":""adopté"",""libelle"":""l'Assemblée nationale a adopté""}",l'amendement n° 57 de M. Raux à l'article 3 de la proposition de loi visant à renforcer la pénalisation de l’organisation de rave-parties (première lecture).,"{""libelle"":""l'amendement n° 57 de M. Raux à l'article 3 de la proposition de loi visant à renforcer la pénalisation de l’organisation de rave-parties (première lecture)."",""dossierLegislatif"":{""libelle"":""Renforcer la pénalisation de l’organisation de rave-parties"",""dossierRef"":""DLR5L17N51711""},""referenceLegislative"":null}"
VTANR5L17V6120,17,6120,2026-04-09 00:00:00+00,"{""codeTypeVote"":""SPO"",""libelleTypeVote"":""scrutin public ordinaire"",""typeMajorite"":""Majorité absolue des suffrages exprimés""}","{""code"":""rejeté"",""libelle"":""L'Assemblée nationale n'a pas adopté""}",l'amendement n° 34 de M. Boyard et l'amendement identique suivant à l'article 2 de la proposition de loi visant à renforcer la pénalisation de l’organisation de rave-parties (première partie).,"{""libelle"":""l'amendement n° 34 de M. Boyard et l'amendement identique suivant à l'article 2 de la proposition de loi visant à renforcer la pénalisation de l’organisation de rave-parties (première partie)."",""dossierLegislatif"":{""libelle"":""Renforcer la pénalisation de l’organisation de rave-parties"",""dossierRef"":""DLR5L17N51711""},""referenceLegislative"":null}"
VTANR5L17V6117,17,6117,2026-04-09 00:00:00+00,"{""codeTypeVote"":""SPO"",""libelleTypeVote"":""scrutin public ordinaire"",""typeMajorite"":""Majorité absolue des suffrages exprimés""}","{""code"":""adopté"",""libelle"":""l'Assemblée nationale a adopté""}",l'article premier de la proposition de loi visant à renforcer la pénalisation de l’organisation de rave-parties (première partie).,"{""libelle"":""l'article premier de la proposition de loi visant à renforcer la pénalisation de l’organisation de rave-parties (première partie)."",""dossierLegislatif"":{""libelle"":""Renforcer la pénalisation de l’organisation de rave-parties"",""dossierRef"":""DLR5L17N51711""},""referenceLegislative"":null}"
VTANR5L17V6116,17,6116,2026-04-09 00:00:00+00,"{""codeTypeVote"":""SPO"",""libelleTypeVote"":""scrutin public ordinaire"",""typeMajorite"":""Majorité absolue des suffrages exprimés""}","{""code"":""rejeté"",""libelle"":""L'Assemblée nationale n'a pas adopté""}",l'amendement n° 39 de Mme Ranc à l'article premier de la proposition de loi visant à renforcer la pénalisation de l’organisation de rave-parties (première partie).,"{""libelle"":""l'amendement n° 39 de Mme Ranc à l'article premier de la proposition de loi visant à renforcer la pénalisation de l’organisation de rave-parties (première partie)."",""dossierLegislatif"":{""libelle"":""Renforcer la pénalisation de l’organisation de rave-parties"",""dossierRef"":""DLR5L17N51711""},""referenceLegislative"":null}"
VTANR5L17V6115,17,6115,2026-04-09 00:00:00+00,"{""codeTypeVote"":""SPO"",""libelleTypeVote"":""scrutin public ordinaire"",""typeMajorite"":""Majorité absolue des suffrages exprimés""}","{""code"":""rejeté"",""libelle"":""L'Assemblée nationale n'a pas adopté""}",l'amendement n° 21 de M. Boyard à l'article premier de la proposition de loi visant à renforcer la pénalisation de l’organisation de rave-parties (première partie).,"{""libelle"":""l'amendement n° 21 de M. Boyard à l'article premier de la proposition de loi visant à renforcer la pénalisation de l’organisation de rave-parties (première partie)."",""dossierLegislatif"":{""libelle"":""Renforcer la pénalisation de l’organisation de rave-parties"",""dossierRef"":""DLR5L17N51711""},""referenceLegislative"":null}"
VTANR5L17V6113,17,6113,2026-04-09 00:00:00+00,"{""codeTypeVote"":""SPO"",""libelleTypeVote"":""scrutin public ordinaire"",""typeMajorite"":""Majorité absolue des suffrages exprimés""}","{""code"":""rejeté"",""libelle"":""L'Assemblée nationale n'a pas adopté""}",l'amendement n° 55 de M. Raux à l'article premier de la proposition de loi visant à renforcer la pénalisation de l’organisation de rave-parties (première partie).,"{""libelle"":""l'amendement n° 55 de M. Raux à l'article premier de la proposition de loi visant à renforcer la pénalisation de l’organisation de rave-parties (première partie)."",""dossierLegislatif"":{""libelle"":""Renforcer la pénalisation de l’organisation de rave-parties"",""dossierRef"":""DLR5L17N51711""},""referenceLegislative"":null}"
VTANR5L17V6112,17,6112,2026-04-09 00:00:00+00,"{""codeTypeVote"":""SPO"",""libelleTypeVote"":""scrutin public ordinaire"",""typeMajorite"":""Majorité absolue des suffrages exprimés""}","{""code"":""rejeté"",""libelle"":""L'Assemblée nationale n'a pas adopté""}",l'amendement n° 28 de M. Boyard à l'article premier de la proposition de loi visant à renforcer la pénalisation de l’organisation de rave-parties (première partie).,"{""libelle"":""l'amendement n° 28 de M. Boyard à l'article premier de la proposition de loi visant à renforcer la pénalisation de l’organisation de rave-parties (première partie)."",""dossierLegislatif"":{""libelle"":""Renforcer la pénalisation de l’organisation de rave-parties"",""dossierRef"":""DLR5L17N51711""},""referenceLegislative"":null}"
VTANR5L17V6109,17,6109,2026-04-09 00:00:00+00,"{""codeTypeVote"":""SPO"",""libelleTypeVote"":""scrutin public ordinaire"",""typeMajorite"":""Majorité absolue des suffrages exprimés""}","{""code"":""rejeté"",""libelle"":""L'Assemblée nationale n'a pas adopté""}",l'amendement n° 54 de M. Raux à l'article premier de la proposition de loi visant à renforcer la pénalisation de l’organisation de rave-parties (première lecture).,"{""libelle"":""l'amendement n° 54 de M. Raux à l'article premier de la proposition de loi visant à renforcer la pénalisation de l’organisation de rave-parties (première lecture)."",""dossierLegislatif"":{""libelle"":""Renforcer la pénalisation de l’organisation de rave-parties"",""dossierRef"":""DLR5L17N51711""},""referenceLegislative"":null}"
VTANR5L17V6106,17,6106,2026-04-09 00:00:00+00,"{""codeTypeVote"":""SPO"",""libelleTypeVote"":""scrutin public ordinaire"",""typeMajorite"":""Majorité absolue des suffrages exprimés""}","{""code"":""rejeté"",""libelle"":""L'Assemblée nationale n'a pas adopté""}",l'amendement n° 50 de M. Raux à l'article premier de la proposition de loi visant à renforcer la pénalisation de l’organisation de rave-parties (première partie).,"{""libelle"":""l'amendement n° 50 de M. Raux à l'article premier de la proposition de loi visant à renforcer la pénalisation de l’organisation de rave-parties (première partie)."",""dossierLegislatif"":{""libelle"":""Renforcer la pénalisation de l’organisation de rave-parties"",""dossierRef"":""DLR5L17N51711""},""referenceLegislative"":null}"
VTANR5L17V6103,17,6103,2026-04-09 00:00:00+00,"{""codeTypeVote"":""SPO"",""libelleTypeVote"":""scrutin public ordinaire"",""typeMajorite"":""Majorité absolue des suffrages exprimés""}","{""code"":""rejeté"",""libelle"":""L'Assemblée nationale n'a pas adopté""}",l'amendement n° 41 de M. Bovet à l'article premier de la proposition de loi visant à renforcer la pénalisation de l’organisation de rave-parties (première lecture).,"{""libelle"":""l'amendement n° 41 de M. Bovet à l'article premier de la proposition de loi visant à renforcer la pénalisation de l’organisation de rave-parties (première lecture)."",""dossierLegislatif"":{""libelle"":""Renforcer la pénalisation de l’organisation de rave-parties"",""dossierRef"":""DLR5L17N51711""},""referenceLegislative"":null}"
VTANR5L17V6101,17,6101,2026-04-09 00:00:00+00,"{""codeTypeVote"":""SPO"",""libelleTypeVote"":""scrutin public ordinaire"",""typeMajorite"":""Majorité absolue des suffrages exprimés""}","{""code"":""rejeté"",""libelle"":""L'Assemblée nationale n'a pas adopté""}",l'amendement n° 44 de M. Casterman à l'article premier de la proposition de loi visant à renforcer la pénalisation de l’organisation de rave-parties (première lecture).,"{""libelle"":""l'amendement n° 44 de M. Casterman à l'article premier de la proposition de loi visant à renforcer la pénalisation de l’organisation de rave-parties (première lecture)."",""dossierLegislatif"":{""libelle"":""Renforcer la pénalisation de l’organisation de rave-parties"",""dossierRef"":""DLR5L17N51711""},""referenceLegislative"":null}"
VTANR5L17V6096,17,6096,2026-04-09 00:00:00+00,"{""codeTypeVote"":""SPO"",""libelleTypeVote"":""scrutin public ordinaire"",""typeMajorite"":""Majorité absolue des suffrages exprimés""}","{""code"":""rejeté"",""libelle"":""L'Assemblée nationale n'a pas adopté""}",l'amendement n° 22 de M. Boyard à l'article premier de la proposition de loi visant à renforcer la pénalisation de l’organisation de rave-parties (première lecture).,"{""libelle"":""l'amendement n° 22 de M. Boyard à l'article premier de la proposition de loi visant à renforcer la pénalisation de l’organisation de rave-parties (première lecture)."",""dossierLegislatif"":{""libelle"":""Renforcer la pénalisation de l’organisation de rave-parties"",""dossierRef"":""DLR5L17N51711""},""referenceLegislative"":null}"
VTANR5L17V6095,17,6095,2026-04-09 00:00:00+00,"{""codeTypeVote"":""SPO"",""libelleTypeVote"":""scrutin public ordinaire"",""typeMajorite"":""Majorité absolue des suffrages exprimés""}","{""code"":""rejeté"",""libelle"":""L'Assemblée nationale n'a pas adopté""}",l'amendement n° 45 de M. Raux à l'article premier de la proposition de loi visant à renforcer la pénalisation de l’organisation de rave-parties (première partie).,"{""libelle"":""l'amendement n° 45 de M. Raux à l'article premier de la proposition de loi visant à renforcer la pénalisation de l’organisation de rave-parties (première partie)."",""dossierLegislatif"":{""libelle"":""Renforcer la pénalisation de l’organisation de rave-parties"",""dossierRef"":""DLR5L17N51711""},""referenceLegislative"":null}"
VTANR5L17V6094,17,6094,2026-04-09 00:00:00+00,"{""codeTypeVote"":""SPO"",""libelleTypeVote"":""scrutin public ordinaire"",""typeMajorite"":""Majorité absolue des suffrages exprimés""}","{""code"":""rejeté"",""libelle"":""L'Assemblée nationale n'a pas adopté""}",l'amendement n° 19 de M. Boyard à l'article premier de la proposition de loi visant à renforcer la pénalisation de l’organisation de rave-parties (première partie).,"{""libelle"":""l'amendement n° 19 de M. Boyard à l'article premier de la proposition de loi visant à renforcer la pénalisation de l’organisation de rave-parties (première partie)."",""dossierLegislatif"":{""libelle"":""Renforcer la pénalisation de l’organisation de rave-parties"",""dossierRef"":""DLR5L17N51711""},""referenceLegislative"":null}"
VTANR5L17V6092,17,6092,2026-04-09 00:00:00+00,"{""codeTypeVote"":""SPO"",""libelleTypeVote"":""scrutin public ordinaire"",""typeMajorite"":""Majorité absolue des suffrages exprimés""}","{""code"":""rejeté"",""libelle"":""L'Assemblée nationale n'a pas adopté""}",l'amendement n° 20 (2e rect.) de Mme Colin-Oesterlé à l'article premier (supprimé) de la proposition de loi visant à garantir le bénéfice des prestations familiales aux enfants placés (première lecture).,"{""libelle"":""l'amendement n° 20 (2e rect.) de Mme Colin-Oesterlé à l'article premier (supprimé) de la proposition de loi visant à garantir le bénéfice des prestations familiales aux enfants placés (première lecture)."",""dossierLegislatif"":{""libelle"":""Garantir le bénéfice des prestations familiales aux enfants placés"",""dossierRef"":""DLR5L17N53772""},""referenceLegislative"":null}"
VTANR5L17V6091,17,6091,2026-04-09 00:00:00+00,"{""codeTypeVote"":""SPO"",""libelleTypeVote"":""scrutin public ordinaire"",""typeMajorite"":""Majorité absolue des suffrages exprimés""}","{""code"":""rejeté"",""libelle"":""L'Assemblée nationale n'a pas adopté""}",le sous-amendement n° 41 de Mme Hamdane à l'amendement n° 20 (2e rect.) de Mme Colin-Oesterlé à l'article premier (supprimé) de la proposition de loi visant à garantir le bénéfice des prestations familiales aux enfants placés (première lecture).,"{""libelle"":""le sous-amendement n° 41 de Mme Hamdane à l'amendement n° 20 (2e rect.) de Mme Colin-Oesterlé à l'article premier (supprimé) de la proposition de loi visant à garantir le bénéfice des prestations familiales aux enfants placés (première lecture)."",""dossierLegislatif"":{""libelle"":""Garantir le bénéfice des prestations familiales aux enfants placés"",""dossierRef"":""DLR5L17N53772""},""referenceLegislative"":null}"
VTANR5L17V6089,17,6089,2026-04-09 00:00:00+00,"{""codeTypeVote"":""SPO"",""libelleTypeVote"":""scrutin public ordinaire"",""typeMajorite"":""Majorité absolue des suffrages exprimés""}","{""code"":""rejeté"",""libelle"":""L'Assemblée nationale n'a pas adopté""}",le sous-amendement n° 26 de M. Peytavie à l'amendement n° 20 (2e rect.) de Mme Colin-Oesterlé à l'article premier (supprimé) de la proposition de loi visant à garantir le bénéfice des prestations familiales aux enfants placés (première lecture).,"{""libelle"":""le sous-amendement n° 26 de M. Peytavie à l'amendement n° 20 (2e rect.) de Mme Colin-Oesterlé à l'article premier (supprimé) de la proposition de loi visant à garantir le bénéfice des prestations familiales aux enfants placés (première lecture)."",""dossierLegislatif"":{""libelle"":""Garantir le bénéfice des prestations familiales aux enfants placés"",""dossierRef"":""DLR5L17N53772""},""referenceLegislative"":null}"
VTANR5L17V6088,17,6088,2026-04-09 00:00:00+00,"{""codeTypeVote"":""SPO"",""libelleTypeVote"":""scrutin public ordinaire"",""typeMajorite"":""Majorité absolue des suffrages exprimés""}","{""code"":""rejeté"",""libelle"":""L'Assemblée nationale n'a pas adopté""}",le sous-amendement n° 40 de Mme Hamdane à l'amendement n° 20 (2e rect.) de Mme Colin-Oesterlé à l'article premier (supprimé) de la proposition de loi visant à garantir le bénéfice des prestations familiales aux enfants placés (première lecture).,"{""libelle"":""le sous-amendement n° 40 de Mme Hamdane à l'amendement n° 20 (2e rect.) de Mme Colin-Oesterlé à l'article premier (supprimé) de la proposition de loi visant à garantir le bénéfice des prestations familiales aux enfants placés (première lecture)."",""dossierLegislatif"":{""libelle"":""Garantir le bénéfice des prestations familiales aux enfants placés"",""dossierRef"":""DLR5L17N53772""},""referenceLegislative"":null}"
VTANR5L17V6087,17,6087,2026-04-09 00:00:00+00,"{""codeTypeVote"":""SPO"",""libelleTypeVote"":""scrutin public ordinaire"",""typeMajorite"":""Majorité absolue des suffrages exprimés""}","{""code"":""rejeté"",""libelle"":""L'Assemblée nationale n'a pas adopté""}",le sous-amendement n° 25 de M. Peytavie à l'amendement n° 20 (2e rect.) de Mme Colin-Oesterlé à l'article premier (supprimé) de la proposition de loi visant à garantir le bénéfice des prestations familiales aux enfants placés (première lecture).,"{""libelle"":""le sous-amendement n° 25 de M. Peytavie à l'amendement n° 20 (2e rect.) de Mme Colin-Oesterlé à l'article premier (supprimé) de la proposition de loi visant à garantir le bénéfice des prestations familiales aux enfants placés (première lecture)."",""dossierLegislatif"":{""libelle"":""Garantir le bénéfice des prestations familiales aux enfants placés"",""dossierRef"":""DLR5L17N53772""},""referenceLegislative"":null}"
VTANR5L17V6085,17,6085,2026-04-09 00:00:00+00,"{""codeTypeVote"":""SPO"",""libelleTypeVote"":""scrutin public ordinaire"",""typeMajorite"":""Majorité absolue des suffrages exprimés""}","{""code"":""adopté"",""libelle"":""l'Assemblée nationale a adopté""}",le sous-amendement n° 35 de Mme Hamdane à l'amendement n° 20 (2e rect.) de Mme Colin-Oesterlé à l'article premier (supprimé) de la proposition de loi visant à garantir le bénéfice des prestations familiales aux enfants placés (première lecture).,"{""libelle"":""le sous-amendement n° 35 de Mme Hamdane à l'amendement n° 20 (2e rect.) de Mme Colin-Oesterlé à l'article premier (supprimé) de la proposition de loi visant à garantir le bénéfice des prestations familiales aux enfants placés (première lecture)."",""dossierLegislatif"":{""libelle"":""Garantir le bénéfice des prestations familiales aux enfants placés"",""dossierRef"":""DLR5L17N53772""},""referenceLegislative"":null}"
VTANR5L17V6084,17,6084,2026-04-09 00:00:00+00,"{""codeTypeVote"":""SPO"",""libelleTypeVote"":""scrutin public ordinaire"",""typeMajorite"":""Majorité absolue des suffrages exprimés""}","{""code"":""rejeté"",""libelle"":""L'Assemblée nationale n'a pas adopté""}",le sous-amendement n° 22 de M. Peytavie et le sous-amendement identique suivant à l'amendement n° 20 (2e rect.) de Mme Colin-Oesterlé à l'article premier (supprimé) de la proposition de loi visant à garantir le bénéfice des prestations familiales aux enfants placés (première lecture).,"{""libelle"":""le sous-amendement n° 22 de M. Peytavie et le sous-amendement identique suivant à l'amendement n° 20 (2e rect.) de Mme Colin-Oesterlé à l'article premier (supprimé) de la proposition de loi visant à garantir le bénéfice des prestations familiales aux enfants placés (première lecture)."",""dossierLegislatif"":{""libelle"":""Garantir le bénéfice des prestations familiales aux enfants placés"",""dossierRef"":""DLR5L17N53772""},""referenceLegislative"":null}"
VTANR5L17V6083,17,6083,2026-04-09 00:00:00+00,"{""codeTypeVote"":""SPO"",""libelleTypeVote"":""scrutin public ordinaire"",""typeMajorite"":""Majorité absolue des suffrages exprimés""}","{""code"":""rejeté"",""libelle"":""L'Assemblée nationale n'a pas adopté""}",le sous-amendement n° 34 de Mme Hamdane à l'amendement n° 20 (2e rect.) de Mme Colin-Oesterlé à l'article premier (supprimé) de la proposition de loi visant à garantir le bénéfice des prestations familiales aux enfants placés (première lecture).,"{""libelle"":""le sous-amendement n° 34 de Mme Hamdane à l'amendement n° 20 (2e rect.) de Mme Colin-Oesterlé à l'article premier (supprimé) de la proposition de loi visant à garantir le bénéfice des prestations familiales aux enfants placés (première lecture)."",""dossierLegislatif"":{""libelle"":""Garantir le bénéfice des prestations familiales aux enfants placés"",""dossierRef"":""DLR5L17N53772""},""referenceLegislative"":null}"
VTANR5L17V6082,17,6082,2026-04-09 00:00:00+00,"{""codeTypeVote"":""SPO"",""libelleTypeVote"":""scrutin public ordinaire"",""typeMajorite"":""Majorité absolue des suffrages exprimés""}","{""code"":""rejeté"",""libelle"":""L'Assemblée nationale n'a pas adopté""}",le sous-amendement n° 24 de M. Peytavie à l'amendement n° 20 (2e rect.) de Mme Colin-Oesterlé à l'article premier (supprimé) de la proposition de loi visant à garantir le bénéfice des prestations familiales aux enfants placés (première lecture).,"{""libelle"":""le sous-amendement n° 24 de M. Peytavie à l'amendement n° 20 (2e rect.) de Mme Colin-Oesterlé à l'article premier (supprimé) de la proposition de loi visant à garantir le bénéfice des prestations familiales aux enfants placés (première lecture)."",""dossierLegislatif"":{""libelle"":""Garantir le bénéfice des prestations familiales aux enfants placés"",""dossierRef"":""DLR5L17N53772""},""referenceLegislative"":null}"
VTANR5L17V6080,17,6080,2026-04-09 00:00:00+00,"{""codeTypeVote"":""SPO"",""libelleTypeVote"":""scrutin public ordinaire"",""typeMajorite"":""Majorité absolue des suffrages exprimés""}","{""code"":""adopté"",""libelle"":""l'Assemblée nationale a adopté""}",le sous-amendement n° 30 de Mme Hamdane à l'amendement n° 20 (2e rect.) de Mme Colin-Oesterlé à l'article premier (supprimé) de la proposition de loi visant à garantir le bénéfice des prestations familiales aux enfants placés (première lecture).,"{""libelle"":""le sous-amendement n° 30 de Mme Hamdane à l'amendement n° 20 (2e rect.) de Mme Colin-Oesterlé à l'article premier (supprimé) de la proposition de loi visant à garantir le bénéfice des prestations familiales aux enfants placés (première lecture)."",""dossierLegislatif"":{""libelle"":""Garantir le bénéfice des prestations familiales aux enfants placés"",""dossierRef"":""DLR5L17N53772""},""referenceLegislative"":null}"
VTANR5L17V6076,17,6076,2026-04-09 00:00:00+00,"{""codeTypeVote"":""SPO"",""libelleTypeVote"":""scrutin public ordinaire"",""typeMajorite"":""Majorité absolue des suffrages exprimés""}","{""code"":""adopté"",""libelle"":""l'Assemblée nationale a adopté""}",l'ensemble de la proposition de loi visant à encadrer les regroupements pédagogiques intercommunaux afin de garantir l'égalité d'accès à l'école en milieu rural (première lecture).,"{""libelle"":""l'ensemble de la proposition de loi visant à encadrer les regroupements pédagogiques intercommunaux afin de garantir l'égalité d'accès à l'école en milieu rural (première lecture)."",""dossierLegislatif"":{""libelle"":""Encadrer les regroupements pédagogiques intercommunaux afin de garantir l’égalité d’accès à l’école en milieu rural"",""dossierRef"":""DLR5L17N53775""},""referenceLegislative"":null}"
VTANR5L17V6075,17,6075,2026-04-09 00:00:00+00,"{""codeTypeVote"":""SPO"",""libelleTypeVote"":""scrutin public ordinaire"",""typeMajorite"":""Majorité absolue des suffrages exprimés""}","{""code"":""adopté"",""libelle"":""l'Assemblée nationale a adopté""}",l'amendement n° 12 de M. Raux après l'article premier ter de la proposition de loi visant à encadrer les regroupements pédagogiques intercommunaux afin de garantir l'égalité d'accès à l'école en milieu rural (première lecture).,"{""libelle"":""l'amendement n° 12 de M. Raux après l'article premier ter de la proposition de loi visant à encadrer les regroupements pédagogiques intercommunaux afin de garantir l'égalité d'accès à l'école en milieu rural (première lecture)."",""dossierLegislatif"":{""libelle"":""Encadrer les regroupements pédagogiques intercommunaux afin de garantir l’égalité d’accès à l’école en milieu rural"",""dossierRef"":""DLR5L17N53775""},""referenceLegislative"":null}"
VTANR5L17V6074,17,6074,2026-04-09 00:00:00+00,"{""codeTypeVote"":""SPO"",""libelleTypeVote"":""scrutin public ordinaire"",""typeMajorite"":""Majorité absolue des suffrages exprimés""}","{""code"":""adopté"",""libelle"":""l'Assemblée nationale a adopté""}",l'amendement n° 2 de M. Arenas après l'article premier ter de la proposition de loi visant à encadrer les regroupements pédagogiques intercommunaux afin de garantir l'égalité d'accès à l'école en milieu rural (première lecture).,"{""libelle"":""l'amendement n° 2 de M. Arenas après l'article premier ter de la proposition de loi visant à encadrer les regroupements pédagogiques intercommunaux afin de garantir l'égalité d'accès à l'école en milieu rural (première lecture)."",""dossierLegislatif"":{""libelle"":""Encadrer les regroupements pédagogiques intercommunaux afin de garantir l’égalité d’accès à l’école en milieu rural"",""dossierRef"":""DLR5L17N53775""},""referenceLegislative"":null}"
VTANR5L17V6071,17,6071,2026-04-09 00:00:00+00,"{""codeTypeVote"":""SPO"",""libelleTypeVote"":""scrutin public ordinaire"",""typeMajorite"":""Majorité absolue des suffrages exprimés""}","{""code"":""adopté"",""libelle"":""l'Assemblée nationale a adopté""}",l'amendement n° 11 de M. Raux à l'article premier de la proposition de loi visant à encadrer les regroupements pédagogiques intercommunaux afin de garantir l'égalité d'accès à l'école en milieu rural (première lecture).,"{""libelle"":""l'amendement n° 11 de M. Raux à l'article premier de la proposition de loi visant à encadrer les regroupements pédagogiques intercommunaux afin de garantir l'égalité d'accès à l'école en milieu rural (première lecture)."",""dossierLegislatif"":{""libelle"":""Encadrer les regroupements pédagogiques intercommunaux afin de garantir l’égalité d’accès à l’école en milieu rural"",""dossierRef"":""DLR5L17N53775""},""referenceLegislative"":null}"
VTANR5L17V6069,17,6069,2026-04-08 00:00:00+00,"{""codeTypeVote"":""SPO"",""libelleTypeVote"":""scrutin public ordinaire"",""typeMajorite"":""Majorité absolue des suffrages exprimés""}","{""code"":""adopté"",""libelle"":""l'Assemblée nationale a adopté""}",l'ensemble de la proposition de loi visant à reconnaître une politique nationale d'adaptation au changement climatique et à adapter les mécanismes d'assurance (première lecture).,"{""libelle"":""l'ensemble de la proposition de loi visant à reconnaître une politique nationale d'adaptation au changement climatique et à adapter les mécanismes d'assurance (première lecture)."",""dossierLegislatif"":{""libelle"":""Reconnaître une politique nationale d’adaptation au changement climatique et à adapter les mécanismes d’assurance"",""dossierRef"":""DLR5L17N53067""},""referenceLegislative"":null}"
VTANR5L17V6068,17,6068,2026-04-08 00:00:00+00,"{""codeTypeVote"":""SPO"",""libelleTypeVote"":""scrutin public ordinaire"",""typeMajorite"":""Majorité absolue des suffrages exprimés""}","{""code"":""rejeté"",""libelle"":""L'Assemblée nationale n'a pas adopté""}",l'amendement n° 4 de Mme Ferrer après l'article 3 de la proposition de loi visant à reconnaître une politique nationale d'adaptation au changement climatique et à adapter les mécanismes d'assurance (première lecture).,"{""libelle"":""l'amendement n° 4 de Mme Ferrer après l'article 3 de la proposition de loi visant à reconnaître une politique nationale d'adaptation au changement climatique et à adapter les mécanismes d'assurance (première lecture)."",""dossierLegislatif"":{""libelle"":""Reconnaître une politique nationale d’adaptation au changement climatique et à adapter les mécanismes d’assurance"",""dossierRef"":""DLR5L17N53067""},""referenceLegislative"":null}"
VTANR5L17V6067,17,6067,2026-04-08 00:00:00+00,"{""codeTypeVote"":""SPO"",""libelleTypeVote"":""scrutin public ordinaire"",""typeMajorite"":""Majorité absolue des suffrages exprimés""}","{""code"":""adopté"",""libelle"":""l'Assemblée nationale a adopté""}",l'article 3 de la proposition de loi visant à reconnaître une politique nationale d'adaptation au changement climatique et à adapter les mécanismes d'assurance (première lecture).,"{""libelle"":""l'article 3 de la proposition de loi visant à reconnaître une politique nationale d'adaptation au changement climatique et à adapter les mécanismes d'assurance (première lecture)."",""dossierLegislatif"":{""libelle"":""Reconnaître une politique nationale d’adaptation au changement climatique et à adapter les mécanismes d’assurance"",""dossierRef"":""DLR5L17N53067""},""referenceLegislative"":null}"
VTANR5L17V6066,17,6066,2026-04-08 00:00:00+00,"{""codeTypeVote"":""SPO"",""libelleTypeVote"":""scrutin public ordinaire"",""typeMajorite"":""Majorité absolue des suffrages exprimés""}","{""code"":""adopté"",""libelle"":""l'Assemblée nationale a adopté""}",l'amendement n° 11 de M. Fernandes à l'article 3 de la proposition de loi visant à reconnaître une politique nationale d'adaptation au changement climatique et à adapter les mécanismes d'assurance (première lecture).,"{""libelle"":""l'amendement n° 11 de M. Fernandes à l'article 3 de la proposition de loi visant à reconnaître une politique nationale d'adaptation au changement climatique et à adapter les mécanismes d'assurance (première lecture)."",""dossierLegislatif"":{""libelle"":""Reconnaître une politique nationale d’adaptation au changement climatique et à adapter les mécanismes d’assurance"",""dossierRef"":""DLR5L17N53067""},""referenceLegislative"":null}"
VTANR5L17V6065,17,6065,2026-04-08 00:00:00+00,"{""codeTypeVote"":""SPO"",""libelleTypeVote"":""scrutin public ordinaire"",""typeMajorite"":""Majorité absolue des suffrages exprimés""}","{""code"":""adopté"",""libelle"":""l'Assemblée nationale a adopté""}",l'article 2 de la proposition de loi visant à reconnaître une politique nationale d'adaptation au changement climatique et à adapter les mécanismes d'assurance (première lecture).,"{""libelle"":""l'article 2 de la proposition de loi visant à reconnaître une politique nationale d'adaptation au changement climatique et à adapter les mécanismes d'assurance (première lecture)."",""dossierLegislatif"":{""libelle"":""Reconnaître une politique nationale d’adaptation au changement climatique et à adapter les mécanismes d’assurance"",""dossierRef"":""DLR5L17N53067""},""referenceLegislative"":null}"
VTANR5L17V6064,17,6064,2026-04-08 00:00:00+00,"{""codeTypeVote"":""SPO"",""libelleTypeVote"":""scrutin public ordinaire"",""typeMajorite"":""Majorité absolue des suffrages exprimés""}","{""code"":""adopté"",""libelle"":""l'Assemblée nationale a adopté""}",l'amendement n° 43 de M. Barusseau à l'article 2 de la proposition de loi visant à reconnaître une politique nationale d'adaptation au changement climatique et à adapter les mécanismes d'assurance (première lecture).,"{""libelle"":""l'amendement n° 43 de M. Barusseau à l'article 2 de la proposition de loi visant à reconnaître une politique nationale d'adaptation au changement climatique et à adapter les mécanismes d'assurance (première lecture)."",""dossierLegislatif"":{""libelle"":""Reconnaître une politique nationale d’adaptation au changement climatique et à adapter les mécanismes d’assurance"",""dossierRef"":""DLR5L17N53067""},""referenceLegislative"":null}"
VTANR5L17V6063,17,6063,2026-04-08 00:00:00+00,"{""codeTypeVote"":""SPO"",""libelleTypeVote"":""scrutin public ordinaire"",""typeMajorite"":""Majorité absolue des suffrages exprimés""}","{""code"":""adopté"",""libelle"":""l'Assemblée nationale a adopté""}",l'amendement n° 6 de Mme Ferrer à l'article 2 de la proposition de loi visant à reconnaître une politique nationale d'adaptation au changement climatique et à adapter les mécanismes d'assurance (première lecture).,"{""libelle"":""l'amendement n° 6 de Mme Ferrer à l'article 2 de la proposition de loi visant à reconnaître une politique nationale d'adaptation au changement climatique et à adapter les mécanismes d'assurance (première lecture)."",""dossierLegislatif"":{""libelle"":""Reconnaître une politique nationale d’adaptation au changement climatique et à adapter les mécanismes d’assurance"",""dossierRef"":""DLR5L17N53067""},""referenceLegislative"":null}"
VTANR5L17V6062,17,6062,2026-04-08 00:00:00+00,"{""codeTypeVote"":""SPO"",""libelleTypeVote"":""scrutin public ordinaire"",""typeMajorite"":""Majorité absolue des suffrages exprimés""}","{""code"":""adopté"",""libelle"":""l'Assemblée nationale a adopté""}",l'article premier de la proposition de loi visant à reconnaître une politique nationale d'adaptation au changement climatique et à adapter les mécanismes d'assurance (première lecture).,"{""libelle"":""l'article premier de la proposition de loi visant à reconnaître une politique nationale d'adaptation au changement climatique et à adapter les mécanismes d'assurance (première lecture)."",""dossierLegislatif"":{""libelle"":""Reconnaître une politique nationale d’adaptation au changement climatique et à adapter les mécanismes d’assurance"",""dossierRef"":""DLR5L17N53067""},""referenceLegislative"":null}"
VTANR5L17V6061,17,6061,2026-04-08 00:00:00+00,"{""codeTypeVote"":""SPO"",""libelleTypeVote"":""scrutin public ordinaire"",""typeMajorite"":""Majorité absolue des suffrages exprimés""}","{""code"":""rejeté"",""libelle"":""L'Assemblée nationale n'a pas adopté""}",l'amendement n° 8 de M. Ratenon après l'article 2 quater de la proposition de loi visant à accélérer la prévention cardio-neuro-vasculaire et à anticiper un risque sanitaire et social majeur (première lecture).,"{""libelle"":""l'amendement n° 8 de M. Ratenon après l'article 2 quater de la proposition de loi visant à accélérer la prévention cardio-neuro-vasculaire et à anticiper un risque sanitaire et social majeur (première lecture)."",""dossierLegislatif"":{""libelle"":""Accélérer la prévention cardio-neuro-vasculaire et anticiper un risque sanitaire et social majeur"",""dossierRef"":""DLR5L17N53426""},""referenceLegislative"":null}"
VTANR5L17V6060,17,6060,2026-04-08 00:00:00+00,"{""codeTypeVote"":""SPO"",""libelleTypeVote"":""scrutin public ordinaire"",""typeMajorite"":""Majorité absolue des suffrages exprimés""}","{""code"":""rejeté"",""libelle"":""L'Assemblée nationale n'a pas adopté""}",l'amendement n° 10 de Mme Erodi à l'article 2 quater de la proposition de loi visant à accélérer la prévention cardio-neuro-vasculaire et à anticiper un risque sanitaire et social majeur (première lecture).,"{""libelle"":""l'amendement n° 10 de Mme Erodi à l'article 2 quater de la proposition de loi visant à accélérer la prévention cardio-neuro-vasculaire et à anticiper un risque sanitaire et social majeur (première lecture)."",""dossierLegislatif"":{""libelle"":""Accélérer la prévention cardio-neuro-vasculaire et anticiper un risque sanitaire et social majeur"",""dossierRef"":""DLR5L17N53426""},""referenceLegislative"":null}"
VTANR5L17V6057,17,6057,2026-04-08 00:00:00+00,"{""codeTypeVote"":""SPO"",""libelleTypeVote"":""scrutin public ordinaire"",""typeMajorite"":""Majorité absolue des suffrages exprimés""}","{""code"":""adopté"",""libelle"":""l'Assemblée nationale a adopté""}",l'amendement n° 14 de M. Califer et l'amendement identique suivant à l'article 2 de la proposition de loi visant à accélérer la prévention cardio-neuro-vasculaire et à anticiper un risque sanitaire et social majeur (première lecture).,"{""libelle"":""l'amendement n° 14 de M. Califer et l'amendement identique suivant à l'article 2 de la proposition de loi visant à accélérer la prévention cardio-neuro-vasculaire et à anticiper un risque sanitaire et social majeur (première lecture)."",""dossierLegislatif"":{""libelle"":""Accélérer la prévention cardio-neuro-vasculaire et anticiper un risque sanitaire et social majeur"",""dossierRef"":""DLR5L17N53426""},""referenceLegislative"":null}"
VTANR5L17V6056,17,6056,2026-04-08 00:00:00+00,"{""codeTypeVote"":""SPO"",""libelleTypeVote"":""scrutin public ordinaire"",""typeMajorite"":""Majorité absolue des suffrages exprimés""}","{""code"":""adopté"",""libelle"":""l'Assemblée nationale a adopté""}",l'amendement n° 30 de M. Neuder à l'article 2 de la proposition de loi visant à accélérer la prévention cardio-neuro-vasculaire et à anticiper un risque sanitaire et social majeur (première lecture).,"{""libelle"":""l'amendement n° 30 de M. Neuder à l'article 2 de la proposition de loi visant à accélérer la prévention cardio-neuro-vasculaire et à anticiper un risque sanitaire et social majeur (première lecture)."",""dossierLegislatif"":{""libelle"":""Accélérer la prévention cardio-neuro-vasculaire et anticiper un risque sanitaire et social majeur"",""dossierRef"":""DLR5L17N53426""},""referenceLegislative"":null}"
VTANR5L17V6055,17,6055,2026-04-08 00:00:00+00,"{""codeTypeVote"":""SPO"",""libelleTypeVote"":""scrutin public ordinaire"",""typeMajorite"":""Majorité absolue des suffrages exprimés""}","{""code"":""rejeté"",""libelle"":""L'Assemblée nationale n'a pas adopté""}",le sous-amendement n° 40 de M. Davi à l'amendement n° 30 de M. Neuder à l'article 2 de la proposition de loi visant à accélérer la prévention cardio-neuro-vasculaire et à anticiper un risque sanitaire et social majeur (première lecture).,"{""libelle"":""le sous-amendement n° 40 de M. Davi à l'amendement n° 30 de M. Neuder à l'article 2 de la proposition de loi visant à accélérer la prévention cardio-neuro-vasculaire et à anticiper un risque sanitaire et social majeur (première lecture)."",""dossierLegislatif"":{""libelle"":""Accélérer la prévention cardio-neuro-vasculaire et anticiper un risque sanitaire et social majeur"",""dossierRef"":""DLR5L17N53426""},""referenceLegislative"":null}"
VTANR5L17V6053,17,6053,2026-04-08 00:00:00+00,"{""codeTypeVote"":""SPO"",""libelleTypeVote"":""scrutin public ordinaire"",""typeMajorite"":""Majorité absolue des suffrages exprimés""}","{""code"":""adopté"",""libelle"":""l'Assemblée nationale a adopté""}",l'amendement n° 28 de M. Neuder à l'article 2 de la proposition de loi visant à accélérer la prévention cardio-neuro-vasculaire et à anticiper un risque sanitaire et social majeur (première lecture).,"{""libelle"":""l'amendement n° 28 de M. Neuder à l'article 2 de la proposition de loi visant à accélérer la prévention cardio-neuro-vasculaire et à anticiper un risque sanitaire et social majeur (première lecture)."",""dossierLegislatif"":{""libelle"":""Accélérer la prévention cardio-neuro-vasculaire et anticiper un risque sanitaire et social majeur"",""dossierRef"":""DLR5L17N53426""},""referenceLegislative"":null}"
VTANR5L17V6052,17,6052,2026-04-08 00:00:00+00,"{""codeTypeVote"":""SPO"",""libelleTypeVote"":""scrutin public ordinaire"",""typeMajorite"":""Majorité absolue des suffrages exprimés""}","{""code"":""adopté"",""libelle"":""l'Assemblée nationale a adopté""}",l'amendement n° 27 de M. Neuder à l'article 2 de la proposition de loi visant à accélérer la prévention cardio-neuro-vasculaire et à anticiper un risque sanitaire et social majeur (première lecture).,"{""libelle"":""l'amendement n° 27 de M. Neuder à l'article 2 de la proposition de loi visant à accélérer la prévention cardio-neuro-vasculaire et à anticiper un risque sanitaire et social majeur (première lecture)."",""dossierLegislatif"":{""libelle"":""Accélérer la prévention cardio-neuro-vasculaire et anticiper un risque sanitaire et social majeur"",""dossierRef"":""DLR5L17N53426""},""referenceLegislative"":null}"
VTANR5L17V6051,17,6051,2026-04-08 00:00:00+00,"{""codeTypeVote"":""SPO"",""libelleTypeVote"":""scrutin public ordinaire"",""typeMajorite"":""Majorité absolue des suffrages exprimés""}","{""code"":""rejeté"",""libelle"":""L'Assemblée nationale n'a pas adopté""}",l'amendement n° 2 de M. Califer à l'article 2 de la proposition de loi visant à accélérer la prévention cardio-neuro-vasculaire et à anticiper un risque sanitaire et social majeur (première lecture).,"{""libelle"":""l'amendement n° 2 de M. Califer à l'article 2 de la proposition de loi visant à accélérer la prévention cardio-neuro-vasculaire et à anticiper un risque sanitaire et social majeur (première lecture)."",""dossierLegislatif"":{""libelle"":""Accélérer la prévention cardio-neuro-vasculaire et anticiper un risque sanitaire et social majeur"",""dossierRef"":""DLR5L17N53426""},""referenceLegislative"":null}"
VTANR5L17V6050,17,6050,2026-04-08 00:00:00+00,"{""codeTypeVote"":""SPO"",""libelleTypeVote"":""scrutin public ordinaire"",""typeMajorite"":""Majorité absolue des suffrages exprimés""}","{""code"":""rejeté"",""libelle"":""L'Assemblée nationale n'a pas adopté""}",l'amendement n° 1 de M. Califer à l'article 2 de la proposition de loi visant à accélérer la prévention cardio-neuro-vasculaire et à anticiper un risque sanitaire et social majeur (première lecture).,"{""libelle"":""l'amendement n° 1 de M. Califer à l'article 2 de la proposition de loi visant à accélérer la prévention cardio-neuro-vasculaire et à anticiper un risque sanitaire et social majeur (première lecture)."",""dossierLegislatif"":{""libelle"":""Accélérer la prévention cardio-neuro-vasculaire et anticiper un risque sanitaire et social majeur"",""dossierRef"":""DLR5L17N53426""},""referenceLegislative"":null}"
VTANR5L17V6049,17,6049,2026-04-08 00:00:00+00,"{""codeTypeVote"":""SPO"",""libelleTypeVote"":""scrutin public ordinaire"",""typeMajorite"":""Majorité absolue des suffrages exprimés""}","{""code"":""rejeté"",""libelle"":""L'Assemblée nationale n'a pas adopté""}",le sous-amendement n° 39 de Mme Erodi à l'amendement n° 1 de M. Califer à l'article 2 de la proposition de loi visant à accélérer la prévention cardio-neuro-vasculaire et à anticiper un risque sanitaire et social majeur (première lecture).,"{""libelle"":""le sous-amendement n° 39 de Mme Erodi à l'amendement n° 1 de M. Califer à l'article 2 de la proposition de loi visant à accélérer la prévention cardio-neuro-vasculaire et à anticiper un risque sanitaire et social majeur (première lecture)."",""dossierLegislatif"":{""libelle"":""Accélérer la prévention cardio-neuro-vasculaire et anticiper un risque sanitaire et social majeur"",""dossierRef"":""DLR5L17N53426""},""referenceLegislative"":null}"
VTANR5L17V6048,17,6048,2026-04-08 00:00:00+00,"{""codeTypeVote"":""SPO"",""libelleTypeVote"":""scrutin public ordinaire"",""typeMajorite"":""Majorité absolue des suffrages exprimés""}","{""code"":""rejeté"",""libelle"":""L'Assemblée nationale n'a pas adopté""}",le sous-amendement n° 38 de Mme Erodi à l'amendement n° 1 de M. Califer à l'article 2 de la proposition de loi visant à accélérer la prévention cardio-neuro-vasculaire et à anticiper un risque sanitaire et social majeur (première lecture).,"{""libelle"":""le sous-amendement n° 38 de Mme Erodi à l'amendement n° 1 de M. Califer à l'article 2 de la proposition de loi visant à accélérer la prévention cardio-neuro-vasculaire et à anticiper un risque sanitaire et social majeur (première lecture)."",""dossierLegislatif"":{""libelle"":""Accélérer la prévention cardio-neuro-vasculaire et anticiper un risque sanitaire et social majeur"",""dossierRef"":""DLR5L17N53426""},""referenceLegislative"":null}"
VTANR5L17V6047,17,6047,2026-04-08 00:00:00+00,"{""codeTypeVote"":""SPO"",""libelleTypeVote"":""scrutin public ordinaire"",""typeMajorite"":""Majorité absolue des suffrages exprimés""}","{""code"":""adopté"",""libelle"":""l'Assemblée nationale a adopté""}",l'amendement n° 16 de M. Rousset à l'article premier de la proposition de loi visant à accélérer la prévention cardio-neuro-vasculaire et à anticiper un risque sanitaire et social majeur (première lecture).,"{""libelle"":""l'amendement n° 16 de M. Rousset à l'article premier de la proposition de loi visant à accélérer la prévention cardio-neuro-vasculaire et à anticiper un risque sanitaire et social majeur (première lecture)."",""dossierLegislatif"":{""libelle"":""Accélérer la prévention cardio-neuro-vasculaire et anticiper un risque sanitaire et social majeur"",""dossierRef"":""DLR5L17N53426""},""referenceLegislative"":null}"
VTANR5L17V6046,17,6046,2026-04-08 00:00:00+00,"{""codeTypeVote"":""SPO"",""libelleTypeVote"":""scrutin public ordinaire"",""typeMajorite"":""Majorité absolue des suffrages exprimés""}","{""code"":""rejeté"",""libelle"":""L'Assemblée nationale n'a pas adopté""}",l'amendement n° 4 de Mme Erodi à l'article premier de la proposition de loi visant à accélérer la prévention cardio-neuro-vasculaire et à anticiper un risque sanitaire et social majeur (première lecture).,"{""libelle"":""l'amendement n° 4 de Mme Erodi à l'article premier de la proposition de loi visant à accélérer la prévention cardio-neuro-vasculaire et à anticiper un risque sanitaire et social majeur (première lecture)."",""dossierLegislatif"":{""libelle"":""Accélérer la prévention cardio-neuro-vasculaire et anticiper un risque sanitaire et social majeur"",""dossierRef"":""DLR5L17N53426""},""referenceLegislative"":null}"
VTANR5L17V6045,17,6045,2026-04-08 00:00:00+00,"{""codeTypeVote"":""SPO"",""libelleTypeVote"":""scrutin public ordinaire"",""typeMajorite"":""Majorité absolue des suffrages exprimés""}","{""code"":""adopté"",""libelle"":""l'Assemblée nationale a adopté""}",l'ensemble de la proposition de loi visant à simplifier le millefeuille territorial par la collectivité unique (première lecture).,"{""libelle"":""l'ensemble de la proposition de loi visant à simplifier le millefeuille territorial par la collectivité unique (première lecture)."",""dossierLegislatif"":{""libelle"":""Simplifier le millefeuille territorial par la collectivité unique"",""dossierRef"":""DLR5L17N52750""},""referenceLegislative"":null}"
VTANR5L17V6044,17,6044,2026-04-08 00:00:00+00,"{""codeTypeVote"":""SPO"",""libelleTypeVote"":""scrutin public ordinaire"",""typeMajorite"":""Majorité absolue des suffrages exprimés""}","{""code"":""adopté"",""libelle"":""l'Assemblée nationale a adopté""}",l'amendement n° 56 de M. Sother au titre de la proposition de loi visant à simplifier le millefeuille territorial par la collectivité unique (première lecture).,"{""libelle"":""l'amendement n° 56 de M. Sother au titre de la proposition de loi visant à simplifier le millefeuille territorial par la collectivité unique (première lecture)."",""dossierLegislatif"":{""libelle"":""Simplifier le millefeuille territorial par la collectivité unique"",""dossierRef"":""DLR5L17N52750""},""referenceLegislative"":null}"
VTANR5L17V6043,17,6043,2026-04-08 00:00:00+00,"{""codeTypeVote"":""SPO"",""libelleTypeVote"":""scrutin public ordinaire"",""typeMajorite"":""Majorité absolue des suffrages exprimés""}","{""code"":""rejeté"",""libelle"":""L'Assemblée nationale n'a pas adopté""}",l'amendement n° 32 de Mme Klinkert au titre de la proposition de loi visant à simplifier le millefeuille territorial par la collectivité unique (première lecture).,"{""libelle"":""l'amendement n° 32 de Mme Klinkert au titre de la proposition de loi visant à simplifier le millefeuille territorial par la collectivité unique (première lecture)."",""dossierLegislatif"":{""libelle"":""Simplifier le millefeuille territorial par la collectivité unique"",""dossierRef"":""DLR5L17N52750""},""referenceLegislative"":null}"
VTANR5L17V6042,17,6042,2026-04-08 00:00:00+00,"{""codeTypeVote"":""SPO"",""libelleTypeVote"":""scrutin public ordinaire"",""typeMajorite"":""Majorité absolue des suffrages exprimés""}","{""code"":""adopté"",""libelle"":""l'Assemblée nationale a adopté""}",l'article 3 de la proposition de loi visant à simplifier le millefeuille territorial par la collectivité unique (première lecture).,"{""libelle"":""l'article 3 de la proposition de loi visant à simplifier le millefeuille territorial par la collectivité unique (première lecture)."",""dossierLegislatif"":{""libelle"":""Simplifier le millefeuille territorial par la collectivité unique"",""dossierRef"":""DLR5L17N52750""},""referenceLegislative"":null}"
VTANR5L17V6040,17,6040,2026-04-08 00:00:00+00,"{""codeTypeVote"":""SPO"",""libelleTypeVote"":""scrutin public ordinaire"",""typeMajorite"":""Majorité absolue des suffrages exprimés""}","{""code"":""rejeté"",""libelle"":""L'Assemblée nationale n'a pas adopté""}",l'amendement n° 50 de M. Jacobelli après l'article 2 de la proposition de loi visant à simplifier le millefeuille territorial par la collectivité unique (première lecture).,"{""libelle"":""l'amendement n° 50 de M. Jacobelli après l'article 2 de la proposition de loi visant à simplifier le millefeuille territorial par la collectivité unique (première lecture)."",""dossierLegislatif"":{""libelle"":""Simplifier le millefeuille territorial par la collectivité unique"",""dossierRef"":""DLR5L17N52750""},""referenceLegislative"":null}"
VTANR5L17V6038,17,6038,2026-04-08 00:00:00+00,"{""codeTypeVote"":""SPO"",""libelleTypeVote"":""scrutin public ordinaire"",""typeMajorite"":""Majorité absolue des suffrages exprimés""}","{""code"":""rejeté"",""libelle"":""L'Assemblée nationale n'a pas adopté""}",l'amendement n° 25 de M. Bernhardt après l'article 2 de la proposition de loi visant à simplifier le millefeuille territorial par la collectivité unique (première lecture).,"{""libelle"":""l'amendement n° 25 de M. Bernhardt après l'article 2 de la proposition de loi visant à simplifier le millefeuille territorial par la collectivité unique (première lecture)."",""dossierLegislatif"":{""libelle"":""Simplifier le millefeuille territorial par la collectivité unique"",""dossierRef"":""DLR5L17N52750""},""referenceLegislative"":null}"
VTANR5L17V6037,17,6037,2026-04-08 00:00:00+00,"{""codeTypeVote"":""SPO"",""libelleTypeVote"":""scrutin public ordinaire"",""typeMajorite"":""Majorité absolue des suffrages exprimés""}","{""code"":""adopté"",""libelle"":""l'Assemblée nationale a adopté""}",l'article 2 de la proposition de loi visant à simplifier le millefeuille territorial par la collectivité unique (première lecture).,"{""libelle"":""l'article 2 de la proposition de loi visant à simplifier le millefeuille territorial par la collectivité unique (première lecture)."",""dossierLegislatif"":{""libelle"":""Simplifier le millefeuille territorial par la collectivité unique"",""dossierRef"":""DLR5L17N52750""},""referenceLegislative"":null}"
VTANR5L17V6036,17,6036,2026-04-08 00:00:00+00,"{""codeTypeVote"":""SPO"",""libelleTypeVote"":""scrutin public ordinaire"",""typeMajorite"":""Majorité absolue des suffrages exprimés""}","{""code"":""rejeté"",""libelle"":""L'Assemblée nationale n'a pas adopté""}",l'amendement n° 63 de M. Sother à l'article 2 de la proposition de loi visant à simplifier le millefeuille territorial par la collectivité unique (première lecture).,"{""libelle"":""l'amendement n° 63 de M. Sother à l'article 2 de la proposition de loi visant à simplifier le millefeuille territorial par la collectivité unique (première lecture)."",""dossierLegislatif"":{""libelle"":""Simplifier le millefeuille territorial par la collectivité unique"",""dossierRef"":""DLR5L17N52750""},""referenceLegislative"":null}"
VTANR5L17V6035,17,6035,2026-04-08 00:00:00+00,"{""codeTypeVote"":""SPO"",""libelleTypeVote"":""scrutin public ordinaire"",""typeMajorite"":""Majorité absolue des suffrages exprimés""}","{""code"":""adopté"",""libelle"":""l'Assemblée nationale a adopté""}",l'amendement n° 16 de Mme Regol à l'article 2 de la proposition de loi visant à simplifier le millefeuille territorial par la collectivité unique (première lecture).,"{""libelle"":""l'amendement n° 16 de Mme Regol à l'article 2 de la proposition de loi visant à simplifier le millefeuille territorial par la collectivité unique (première lecture)."",""dossierLegislatif"":{""libelle"":""Simplifier le millefeuille territorial par la collectivité unique"",""dossierRef"":""DLR5L17N52750""},""referenceLegislative"":null}"
VTANR5L17V6034,17,6034,2026-04-08 00:00:00+00,"{""codeTypeVote"":""SPO"",""libelleTypeVote"":""scrutin public ordinaire"",""typeMajorite"":""Majorité absolue des suffrages exprimés""}","{""code"":""rejeté"",""libelle"":""L'Assemblée nationale n'a pas adopté""}",l'amendement n° 5 de Mme Morel à l'article 2 de la proposition de loi visant à simplifier le millefeuille territorial par la collectivité unique (première lecture).,"{""libelle"":""l'amendement n° 5 de Mme Morel à l'article 2 de la proposition de loi visant à simplifier le millefeuille territorial par la collectivité unique (première lecture)."",""dossierLegislatif"":{""libelle"":""Simplifier le millefeuille territorial par la collectivité unique"",""dossierRef"":""DLR5L17N52750""},""referenceLegislative"":null}"
VTANR5L17V6033,17,6033,2026-04-07 00:00:00+00,"{""codeTypeVote"":""SPO"",""libelleTypeVote"":""scrutin public ordinaire"",""typeMajorite"":""Majorité absolue des suffrages exprimés""}","{""code"":""rejeté"",""libelle"":""L'Assemblée nationale n'a pas adopté""}",l'amendement n° 62 de M. Sother à l'article 2 de la proposition de loi visant à simplifier le millefeuille territorial par la collectivité unique (première lecture).,"{""libelle"":""l'amendement n° 62 de M. Sother à l'article 2 de la proposition de loi visant à simplifier le millefeuille territorial par la collectivité unique (première lecture)."",""dossierLegislatif"":{""libelle"":""Simplifier le millefeuille territorial par la collectivité unique"",""dossierRef"":""DLR5L17N52750""},""referenceLegislative"":null}"
VTANR5L17V6032,17,6032,2026-04-07 00:00:00+00,"{""codeTypeVote"":""SPO"",""libelleTypeVote"":""scrutin public ordinaire"",""typeMajorite"":""Majorité absolue des suffrages exprimés""}","{""code"":""rejeté"",""libelle"":""L'Assemblée nationale n'a pas adopté""}",l'amendement n° 66 de M. Sother à l'article 2 de la proposition de loi visant à simplifier le millefeuille territorial par la collectivité unique (première lecture).,"{""libelle"":""l'amendement n° 66 de M. Sother à l'article 2 de la proposition de loi visant à simplifier le millefeuille territorial par la collectivité unique (première lecture)."",""dossierLegislatif"":{""libelle"":""Simplifier le millefeuille territorial par la collectivité unique"",""dossierRef"":""DLR5L17N52750""},""referenceLegislative"":null}"
VTANR5L17V6031,17,6031,2026-04-07 00:00:00+00,"{""codeTypeVote"":""SPO"",""libelleTypeVote"":""scrutin public ordinaire"",""typeMajorite"":""Majorité absolue des suffrages exprimés""}","{""code"":""rejeté"",""libelle"":""L'Assemblée nationale n'a pas adopté""}",l'amendement n° 61 de M. Sother à l'article 2 de la proposition de loi visant à simplifier le millefeuille territorial par la collectivité unique (première lecture).,"{""libelle"":""l'amendement n° 61 de M. Sother à l'article 2 de la proposition de loi visant à simplifier le millefeuille territorial par la collectivité unique (première lecture)."",""dossierLegislatif"":{""libelle"":""Simplifier le millefeuille territorial par la collectivité unique"",""dossierRef"":""DLR5L17N52750""},""referenceLegislative"":null}"
VTANR5L17V6030,17,6030,2026-04-07 00:00:00+00,"{""codeTypeVote"":""SPO"",""libelleTypeVote"":""scrutin public ordinaire"",""typeMajorite"":""Majorité absolue des suffrages exprimés""}","{""code"":""rejeté"",""libelle"":""L'Assemblée nationale n'a pas adopté""}",l'amendement n° 70 du Gouvernement à l'article 2 de la proposition de loi visant à simplifier le millefeuille territorial par la collectivité unique (première lecture).,"{""libelle"":""l'amendement n° 70 du Gouvernement à l'article 2 de la proposition de loi visant à simplifier le millefeuille territorial par la collectivité unique (première lecture)."",""dossierLegislatif"":{""libelle"":""Simplifier le millefeuille territorial par la collectivité unique"",""dossierRef"":""DLR5L17N52750""},""referenceLegislative"":null}"
VTANR5L17V6029,17,6029,2026-04-07 00:00:00+00,"{""codeTypeVote"":""SPO"",""libelleTypeVote"":""scrutin public ordinaire"",""typeMajorite"":""Majorité absolue des suffrages exprimés""}","{""code"":""rejeté"",""libelle"":""L'Assemblée nationale n'a pas adopté""}",le sous-amendement n° 76 de M. Bernhardt à l'amendement n° 70 du Gouvernement à l'article 2 de la proposition de loi visant à simplifier le millefeuille territorial par la collectivité unique (première lecture).,"{""libelle"":""le sous-amendement n° 76 de M. Bernhardt à l'amendement n° 70 du Gouvernement à l'article 2 de la proposition de loi visant à simplifier le millefeuille territorial par la collectivité unique (première lecture)."",""dossierLegislatif"":{""libelle"":""Simplifier le millefeuille territorial par la collectivité unique"",""dossierRef"":""DLR5L17N52750""},""referenceLegislative"":null}"
VTANR5L17V6028,17,6028,2026-04-07 00:00:00+00,"{""codeTypeVote"":""SPO"",""libelleTypeVote"":""scrutin public ordinaire"",""typeMajorite"":""Majorité absolue des suffrages exprimés""}","{""code"":""adopté"",""libelle"":""l'Assemblée nationale a adopté""}",le sous-amendement n° 83 de M. Sitzenstuhl à l'amendement n° 70 du Gouvernement à l'article 2 de la proposition de loi visant à simplifier le millefeuille territorial par la collectivité unique (première lecture).,"{""libelle"":""le sous-amendement n° 83 de M. Sitzenstuhl à l'amendement n° 70 du Gouvernement à l'article 2 de la proposition de loi visant à simplifier le millefeuille territorial par la collectivité unique (première lecture)."",""dossierLegislatif"":{""libelle"":""Simplifier le millefeuille territorial par la collectivité unique"",""dossierRef"":""DLR5L17N52750""},""referenceLegislative"":null}"
VTANR5L17V6027,17,6027,2026-04-07 00:00:00+00,"{""codeTypeVote"":""SPO"",""libelleTypeVote"":""scrutin public ordinaire"",""typeMajorite"":""Majorité absolue des suffrages exprimés""}","{""code"":""rejeté"",""libelle"":""L'Assemblée nationale n'a pas adopté""}",le sous-amendement n° 74 de M. Bernhardt à l'amendement n° 70 du Gouvernement à l'article 2 de la proposition de loi visant à simplifier le millefeuille territorial par la collectivité unique (première lecture).,"{""libelle"":""le sous-amendement n° 74 de M. Bernhardt à l'amendement n° 70 du Gouvernement à l'article 2 de la proposition de loi visant à simplifier le millefeuille territorial par la collectivité unique (première lecture)."",""dossierLegislatif"":{""libelle"":""Simplifier le millefeuille territorial par la collectivité unique"",""dossierRef"":""DLR5L17N52750""},""referenceLegislative"":null}"
VTANR5L17V6026,17,6026,2026-04-07 00:00:00+00,"{""codeTypeVote"":""SPO"",""libelleTypeVote"":""scrutin public ordinaire"",""typeMajorite"":""Majorité absolue des suffrages exprimés""}","{""code"":""rejeté"",""libelle"":""L'Assemblée nationale n'a pas adopté""}",le sous-amendement n° 73 de M. Bernhardt à l'amendement n° 70 du Gouvernement à l'article 2 de la proposition de loi visant à simplifier le millefeuille territorial par la collectivité unique (première lecture).,"{""libelle"":""le sous-amendement n° 73 de M. Bernhardt à l'amendement n° 70 du Gouvernement à l'article 2 de la proposition de loi visant à simplifier le millefeuille territorial par la collectivité unique (première lecture)."",""dossierLegislatif"":{""libelle"":""Simplifier le millefeuille territorial par la collectivité unique"",""dossierRef"":""DLR5L17N52750""},""referenceLegislative"":null}"
VTANR5L17V6025,17,6025,2026-04-07 00:00:00+00,"{""codeTypeVote"":""SPO"",""libelleTypeVote"":""scrutin public ordinaire"",""typeMajorite"":""Majorité absolue des suffrages exprimés""}","{""code"":""rejeté"",""libelle"":""L'Assemblée nationale n'a pas adopté""}",l'amendement n° 1 de M. Fernandes et les amendements identiques suivants de suppression de l'article 2 de la proposition de loi visant à simplifier le millefeuille territorial par la collectivité unique (première lecture).,"{""libelle"":""l'amendement n° 1 de M. Fernandes et les amendements identiques suivants de suppression de l'article 2 de la proposition de loi visant à simplifier le millefeuille territorial par la collectivité unique (première lecture)."",""dossierLegislatif"":{""libelle"":""Simplifier le millefeuille territorial par la collectivité unique"",""dossierRef"":""DLR5L17N52750""},""referenceLegislative"":null}"
VTANR5L17V6023,17,6023,2026-04-07 00:00:00+00,"{""codeTypeVote"":""SPS"",""libelleTypeVote"":""scrutin public solennel"",""typeMajorite"":""Majorité absolue des suffrages exprimés""}","{""code"":""adopté"",""libelle"":""l'Assemblée nationale a adopté""}",l'ensemble du projet de loi relatif à la lutte contre les fraudes sociales et fiscales (première lecture).,"{""libelle"":""l'ensemble du projet de loi relatif à la lutte contre les fraudes sociales et fiscales (première lecture)."",""dossierLegislatif"":{""libelle"":""Projet de loi relatif à la lutte contre les fraudes sociales et fiscales"",""dossierRef"":""DLR5L17N52985""},""referenceLegislative"":null}"
VTANR5L17V6022,17,6022,2026-04-02 00:00:00+00,"{""codeTypeVote"":""SPO"",""libelleTypeVote"":""scrutin public ordinaire"",""typeMajorite"":""Majorité absolue des suffrages exprimés""}","{""code"":""adopté"",""libelle"":""l'Assemblée nationale a adopté""}","la motion de rejet préalable, déposée par M. Stéphane Peu, du projet de loi constitutionnelle relatif à la Nouvelle-Calédonie (première lecture).","{""libelle"":""la motion de rejet préalable, déposée par M. Stéphane Peu, du projet de loi constitutionnelle relatif à la Nouvelle-Calédonie (première lecture)."",""dossierLegislatif"":{""libelle"":""Projet de loi constitutionnelle relatif à la Nouvelle-Calédonie"",""dossierRef"":""DLR5L17N52984""},""referenceLegislative"":null}"
VTANR5L17V6021,17,6021,2026-04-01 00:00:00+00,"{""codeTypeVote"":""SPO"",""libelleTypeVote"":""scrutin public ordinaire"",""typeMajorite"":""Majorité absolue des suffrages exprimés""}","{""code"":""rejeté"",""libelle"":""L'Assemblée nationale n'a pas adopté""}",l'amendement n° 1035 de M. Bernhardt après l'article 30 du projet de loi relatif à la lutte contre les fraudes sociales et fiscales (première lecture).,"{""libelle"":""l'amendement n° 1035 de M. Bernhardt après l'article 30 du projet de loi relatif à la lutte contre les fraudes sociales et fiscales (première lecture)."",""dossierLegislatif"":{""libelle"":""Projet de loi relatif à la lutte contre les fraudes sociales et fiscales"",""dossierRef"":""DLR5L17N52985""},""referenceLegislative"":null}"
VTANR5L17V6020,17,6020,2026-04-01 00:00:00+00,"{""codeTypeVote"":""SPO"",""libelleTypeVote"":""scrutin public ordinaire"",""typeMajorite"":""Majorité absolue des suffrages exprimés""}","{""code"":""rejeté"",""libelle"":""L'Assemblée nationale n'a pas adopté""}",l'amendement n° 1032 de M. Bernhardt après l'article 30 du projet de loi relatif à la lutte contre les fraudes sociales et fiscales (première lecture).,"{""libelle"":""l'amendement n° 1032 de M. Bernhardt après l'article 30 du projet de loi relatif à la lutte contre les fraudes sociales et fiscales (première lecture)."",""dossierLegislatif"":{""libelle"":""Projet de loi relatif à la lutte contre les fraudes sociales et fiscales"",""dossierRef"":""DLR5L17N52985""},""referenceLegislative"":null}"
VTANR5L17V6019,17,6019,2026-04-01 00:00:00+00,"{""codeTypeVote"":""SPO"",""libelleTypeVote"":""scrutin public ordinaire"",""typeMajorite"":""Majorité absolue des suffrages exprimés""}","{""code"":""rejeté"",""libelle"":""L'Assemblée nationale n'a pas adopté""}",l'amendement n° 587 de Mme Colin-Oesterlé après l'article 30 du projet de loi relatif à la lutte contre les fraudes sociales et fiscales (première lecture).,"{""libelle"":""l'amendement n° 587 de Mme Colin-Oesterlé après l'article 30 du projet de loi relatif à la lutte contre les fraudes sociales et fiscales (première lecture)."",""dossierLegislatif"":{""libelle"":""Projet de loi relatif à la lutte contre les fraudes sociales et fiscales"",""dossierRef"":""DLR5L17N52985""},""referenceLegislative"":null}"
VTANR5L17V6018,17,6018,2026-04-01 00:00:00+00,"{""codeTypeVote"":""SPO"",""libelleTypeVote"":""scrutin public ordinaire"",""typeMajorite"":""Majorité absolue des suffrages exprimés""}","{""code"":""adopté"",""libelle"":""l'Assemblée nationale a adopté""}",l'article 30 du projet de loi relatif à la lutte contre les fraudes sociales et fiscales (première lecture).,"{""libelle"":""l'article 30 du projet de loi relatif à la lutte contre les fraudes sociales et fiscales (première lecture)."",""dossierLegislatif"":{""libelle"":""Projet de loi relatif à la lutte contre les fraudes sociales et fiscales"",""dossierRef"":""DLR5L17N52985""},""referenceLegislative"":null}"
VTANR5L17V6017,17,6017,2026-04-01 00:00:00+00,"{""codeTypeVote"":""SPO"",""libelleTypeVote"":""scrutin public ordinaire"",""typeMajorite"":""Majorité absolue des suffrages exprimés""}","{""code"":""adopté"",""libelle"":""l'Assemblée nationale a adopté""}",l'amendement n° 589 de Mme Colin-Oesterlé et l'amendement identique suivant à l'article 30 du projet de loi relatif à la lutte contre les fraudes sociales et fiscales (première lecture).,"{""libelle"":""l'amendement n° 589 de Mme Colin-Oesterlé et l'amendement identique suivant à l'article 30 du projet de loi relatif à la lutte contre les fraudes sociales et fiscales (première lecture)."",""dossierLegislatif"":{""libelle"":""Projet de loi relatif à la lutte contre les fraudes sociales et fiscales"",""dossierRef"":""DLR5L17N52985""},""referenceLegislative"":null}"
VTANR5L17V6016,17,6016,2026-04-01 00:00:00+00,"{""codeTypeVote"":""SPO"",""libelleTypeVote"":""scrutin public ordinaire"",""typeMajorite"":""Majorité absolue des suffrages exprimés""}","{""code"":""rejeté"",""libelle"":""L'Assemblée nationale n'a pas adopté""}",l'amendement n° 386 de M. Rolland et l'amendement identique suivant à l'article 29 (supprimé) du projet de loi relatif à la lutte contre les fraudes sociales et fiscales (première lecture).,"{""libelle"":""l'amendement n° 386 de M. Rolland et l'amendement identique suivant à l'article 29 (supprimé) du projet de loi relatif à la lutte contre les fraudes sociales et fiscales (première lecture)."",""dossierLegislatif"":{""libelle"":""Projet de loi relatif à la lutte contre les fraudes sociales et fiscales"",""dossierRef"":""DLR5L17N52985""},""referenceLegislative"":null}"
VTANR5L17V6015,17,6015,2026-04-01 00:00:00+00,"{""codeTypeVote"":""SPO"",""libelleTypeVote"":""scrutin public ordinaire"",""typeMajorite"":""Majorité absolue des suffrages exprimés""}","{""code"":""rejeté"",""libelle"":""L'Assemblée nationale n'a pas adopté""}",l'amendement n° 554 (rect.) de M. Dessigny après l'article 28 ter du projet de loi relatif à la lutte contre les fraudes sociales et fiscales (première lecture).,"{""libelle"":""l'amendement n° 554 (rect.) de M. Dessigny après l'article 28 ter du projet de loi relatif à la lutte contre les fraudes sociales et fiscales (première lecture)."",""dossierLegislatif"":{""libelle"":""Projet de loi relatif à la lutte contre les fraudes sociales et fiscales"",""dossierRef"":""DLR5L17N52985""},""referenceLegislative"":null}"
VTANR5L17V6014,17,6014,2026-04-01 00:00:00+00,"{""codeTypeVote"":""SPO"",""libelleTypeVote"":""scrutin public ordinaire"",""typeMajorite"":""Majorité absolue des suffrages exprimés""}","{""code"":""rejeté"",""libelle"":""L'Assemblée nationale n'a pas adopté""}",l'amendement n° 277 de M. Boyard après l'article 28 ter du projet de loi relatif à la lutte contre les fraudes sociales et fiscales (première lecture).,"{""libelle"":""l'amendement n° 277 de M. Boyard après l'article 28 ter du projet de loi relatif à la lutte contre les fraudes sociales et fiscales (première lecture)."",""dossierLegislatif"":{""libelle"":""Projet de loi relatif à la lutte contre les fraudes sociales et fiscales"",""dossierRef"":""DLR5L17N52985""},""referenceLegislative"":null}"
VTANR5L17V6013,17,6013,2026-04-01 00:00:00+00,"{""codeTypeVote"":""SPO"",""libelleTypeVote"":""scrutin public ordinaire"",""typeMajorite"":""Majorité absolue des suffrages exprimés""}","{""code"":""adopté"",""libelle"":""l'Assemblée nationale a adopté""}",l'amendement n° 884 de Mme Vidal après l'article 27 du projet de loi relatif à la lutte contre les fraudes sociales et fiscales (première lecture).,"{""libelle"":""l'amendement n° 884 de Mme Vidal après l'article 27 du projet de loi relatif à la lutte contre les fraudes sociales et fiscales (première lecture)."",""dossierLegislatif"":{""libelle"":""Projet de loi relatif à la lutte contre les fraudes sociales et fiscales"",""dossierRef"":""DLR5L17N52985""},""referenceLegislative"":null}"
VTANR5L17V6012,17,6012,2026-04-01 00:00:00+00,"{""codeTypeVote"":""SPO"",""libelleTypeVote"":""scrutin public ordinaire"",""typeMajorite"":""Majorité absolue des suffrages exprimés""}","{""code"":""adopté"",""libelle"":""l'Assemblée nationale a adopté""}",l'article 25 du projet de loi relatif à la lutte contre les fraudes sociales et fiscales (première lecture).,"{""libelle"":""l'article 25 du projet de loi relatif à la lutte contre les fraudes sociales et fiscales (première lecture)."",""dossierLegislatif"":{""libelle"":""Projet de loi relatif à la lutte contre les fraudes sociales et fiscales"",""dossierRef"":""DLR5L17N52985""},""referenceLegislative"":null}"
VTANR5L17V6011,17,6011,2026-04-01 00:00:00+00,"{""codeTypeVote"":""SPO"",""libelleTypeVote"":""scrutin public ordinaire"",""typeMajorite"":""Majorité absolue des suffrages exprimés""}","{""code"":""adopté"",""libelle"":""l'Assemblée nationale a adopté""}",l'amendement n° 693 de M. Boyard et l'amendement identique suivant à l'article 25 du projet de loi relatif à la lutte contre les fraudes sociales et fiscales (première lecture).,"{""libelle"":""l'amendement n° 693 de M. Boyard et l'amendement identique suivant à l'article 25 du projet de loi relatif à la lutte contre les fraudes sociales et fiscales (première lecture)."",""dossierLegislatif"":{""libelle"":""Projet de loi relatif à la lutte contre les fraudes sociales et fiscales"",""dossierRef"":""DLR5L17N52985""},""referenceLegislative"":null}"
VTANR5L17V6010,17,6010,2026-04-01 00:00:00+00,"{""codeTypeVote"":""SPO"",""libelleTypeVote"":""scrutin public ordinaire"",""typeMajorite"":""Majorité absolue des suffrages exprimés""}","{""code"":""adopté"",""libelle"":""l'Assemblée nationale a adopté""}",l'article 24 bis du projet de loi relatif à la lutte contre les fraudes sociales et fiscales (première lecture).,"{""libelle"":""l'article 24 bis du projet de loi relatif à la lutte contre les fraudes sociales et fiscales (première lecture)."",""dossierLegislatif"":{""libelle"":""Projet de loi relatif à la lutte contre les fraudes sociales et fiscales"",""dossierRef"":""DLR5L17N52985""},""referenceLegislative"":null}"
VTANR5L17V6009,17,6009,2026-04-01 00:00:00+00,"{""codeTypeVote"":""SPO"",""libelleTypeVote"":""scrutin public ordinaire"",""typeMajorite"":""Majorité absolue des suffrages exprimés""}","{""code"":""rejeté"",""libelle"":""L'Assemblée nationale n'a pas adopté""}",l'amendement n° 77 de M. Aviragnet et les amendements identiques suivants de suppression de l'article 24 bis du projet de loi relatif à la lutte contre les fraudes sociales et fiscales (première lecture).,"{""libelle"":""l'amendement n° 77 de M. Aviragnet et les amendements identiques suivants de suppression de l'article 24 bis du projet de loi relatif à la lutte contre les fraudes sociales et fiscales (première lecture)."",""dossierLegislatif"":{""libelle"":""Projet de loi relatif à la lutte contre les fraudes sociales et fiscales"",""dossierRef"":""DLR5L17N52985""},""referenceLegislative"":null}"